title,company,url
Solutions Architect (Python),REPAY,https://stackoverflow.com//jobs/406907/solutions-architect-python-repay
Back-End Developer (Python/Django),Apacio Ltd,https://stackoverflow.com//jobs/397855/back-end-developer-python-django-apacio-ltd
Django/Python Backend Engineer,PolicyFly,https://stackoverflow.com//jobs/415347/django-python-backend-engineer-policyfly
Senior Backend Engineer - Python,APNATIME TECH PRIVATE LIMITED,https://stackoverflow.com//jobs/411044/senior-backend-engineer-python-apnatime-tech-private-limited
Python Developer,YouGov,https://stackoverflow.com//jobs/330681/python-developer-yougov
Full-Stack Python Engineer,Gorgias,https://stackoverflow.com//jobs/374584/full-stack-python-engineer-gorgias
Python Full Stack Developer,REPAY,https://stackoverflow.com//jobs/386498/python-full-stack-developer-repay
Senior Backend Engineer (Python/Django),Chaturbate,https://stackoverflow.com//jobs/271844/senior-backend-engineer-python-django-chaturbate
"Python Developer (Onsite in Paris, or Remote in France, UK, Germany)",PeopleDoc,https://stackoverflow.com//jobs/414745/python-developer-onsite-in-paris-or-remote-in-peopledoc
Full Stack Engineer (React Native / Python),Modus Create,https://stackoverflow.com//jobs/401813/full-stack-engineer-react-native-python-modus-create
Python Developer,YouGov,https://stackoverflow.com//jobs/407736/python-developer-yougov
Senior Python / Django Engineer,Sherpany AG,https://stackoverflow.com//jobs/360695/senior-python-django-engineer-sherpany-ag
Senior Python Software Engineer,"SSCS, Inc",https://stackoverflow.com//jobs/160117/senior-python-software-engineer-sscs-inc
Full Stack Engineer: Go and/or Python,Oscatel via techfolk,https://stackoverflow.com//jobs/416097/full-stack-engineer-go-and-or-python-oscatel
QA Automation Engineer (Python): Remote (Central Europe Timezone),Modus Create,https://stackoverflow.com//jobs/413574/qa-automation-engineer-python-remote-central-modus-create
Senior Python Back End Engineer (Remote-Brazil),Loadsmart,https://stackoverflow.com//jobs/414755/senior-python-back-end-engineer-remote-brazil-loadsmart
Senior Full Stack Software Engineer (React Python Flask),FineTune Learning,https://stackoverflow.com//jobs/400104/senior-full-stack-software-engineer-react-python-finetune-learning
Python Engineer,Overloop,https://stackoverflow.com//jobs/412439/python-engineer-overloop
"Senior software engineer (experience with HIPAA, python, nextjs, docker, kafka)",EverQuote Inc.,https://stackoverflow.com//jobs/385234/senior-software-engineer-experience-with-hipaa-everquote-inc
Python Engineer - Internal Tooling,Packet Fabric,https://stackoverflow.com//jobs/414847/python-engineer-internal-tooling-packet-fabric
Senior Python Developer,Flashpoint,https://stackoverflow.com//jobs/291957/senior-python-developer-flashpoint
Technical Solutions Engineer (Python) - Remote,Scrapinghub,https://stackoverflow.com//jobs/394263/technical-solutions-engineer-python-remote-scrapinghub
Senior Software Engineer - Automation (SDET),Rollbar,https://stackoverflow.com//jobs/408207/senior-software-engineer-automation-sdet-rollbar
"Software Engineer, Backend (Remote)",Hotjar,https://stackoverflow.com//jobs/279346/software-engineer-backend-remote-hotjar
Backend Engineer,LiveLike,https://stackoverflow.com//jobs/411442/backend-engineer-livelike
Sr Software QA/ DevOps Engineer (SDET),"GrammaTech, Inc.",https://stackoverflow.com//jobs/406900/sr-software-qa-devops-engineer-sdet-grammatech-inc
Senior Backend Engineer (Remote or NYC),Noom,https://stackoverflow.com//jobs/283527/senior-backend-engineer-remote-or-nyc-noom
Senior Software Engineer (Remote),Web Summit,https://stackoverflow.com//jobs/162807/senior-software-engineer-remote-web-summit
Software Engineer (Full-Stack),indi,https://stackoverflow.com//jobs/376893/software-engineer-full-stack-indi
Full Stack Web Developer,"Art & Logic, Inc.",https://stackoverflow.com//jobs/370918/full-stack-web-developer-art-logic-inc
Senior Backend Software Engineer,"Curative, Inc",https://stackoverflow.com//jobs/408170/senior-backend-software-engineer-curative-inc
Senior Backend Developer (Remote),Hypothesis.is,https://stackoverflow.com//jobs/375432/senior-backend-developer-remote-hypothesisis
Software Engineer Backend (m/f/d) Rust,Snapview GmbH,https://stackoverflow.com//jobs/415671/software-engineer-backend-m-f-d-rust-snapview-gmbh
Senior Full Stack Engineer (REMOTE),Sector Labs,https://stackoverflow.com//jobs/406197/senior-full-stack-engineer-remote-sector-labs
Paid Research Study for Data Scientists,User Research International,https://stackoverflow.com//jobs/411452/paid-research-study-for-data-scientists-user-research-international
Senior Software Engineer -- Angular 2+ -- for Student Success Software,DIGARC,https://stackoverflow.com//jobs/407797/senior-software-engineer-angular-2-plus-for-digarc
Back-End Engineer,Gorgias,https://stackoverflow.com//jobs/371615/back-end-engineer-gorgias
*Remote* Mobile Pipeline Engineer,CommentSold,https://stackoverflow.com//jobs/403100/remote-mobile-pipeline-engineer-commentsold
Senior Full Stack Engineer (Remote OR NYC),Noom,https://stackoverflow.com//jobs/283522/senior-full-stack-engineer-remote-or-nyc-noom
Software Engineering Lead,Soteria,https://stackoverflow.com//jobs/300207/software-engineering-lead-soteria
Senior Full Stack Software Developer- Remote,Upstack,https://stackoverflow.com//jobs/286028/senior-full-stack-software-developer-remote-upstack
Linux System Administrator I (Remote),IdeaScale,https://stackoverflow.com//jobs/330735/linux-system-administrator-i-remote-ideascale
Senior Backend Engineer,Density,https://stackoverflow.com//jobs/394915/senior-backend-engineer-density
Software Engineer,Olive AI,https://stackoverflow.com//jobs/407507/software-engineer-olive-ai
Backend Integration Test Engineer,"ThreatConnect, Inc.",https://stackoverflow.com//jobs/389524/backend-integration-test-engineer-threatconnect-inc
Senior SRE Engineer (Remote),Hotjar,https://stackoverflow.com//jobs/410648/senior-sre-engineer-remote-hotjar
Ruby on Rails Engineer (Remote),Web Summit,https://stackoverflow.com//jobs/161750/ruby-on-rails-engineer-remote-web-summit
Software Engineering Architect –Charitable Donations & Payments,Givelify,https://stackoverflow.com//jobs/394313/software-engineering-architect-charitable-givelify
Full Stack Developer,Everli,https://stackoverflow.com//jobs/129548/full-stack-developer-everli
Lead Vue.js / PHP developer,HUBX,https://stackoverflow.com//jobs/397027/lead-vuejs-php-developer-hubx
Experienced Polyglot Engineer - Remote,"Theorem, LLC",https://weworkremotely.com//remote-jobs/theorem-llc-experienced-polyglot-engineer-remote
Cloud Architect (DevOps),Breezy HR,https://weworkremotely.com//remote-jobs/breezy-hr-cloud-architect-devops
Senior Software Engineer - Mobile,Good Eggs,https://weworkremotely.com//remote-jobs/good-eggs-senior-software-engineer-mobile
Fullstack Engineer,Postscript,https://weworkremotely.com//remote-jobs/postscript-fullstack-engineer-1
Senior Software Developer,Qualio,https://weworkremotely.com//remote-jobs/qualio-senior-software-developer
"Freelance Python Developer – Remote, Full-time",Toptal,https://weworkremotely.com//remote-jobs/toptal-freelance-python-developer-remote-full-time-1
Senior Software Engineer,Apartment Therapy Media,https://weworkremotely.com//remote-jobs/apartment-therapy-media-senior-software-engineer
Backend / API Engineer,Primer,https://weworkremotely.com//remote-jobs/primer-backend-api-engineer
Tech Lead,Ukufu Pty Ltd,https://weworkremotely.com//remote-jobs/ukufu-pty-ltd-tech-lead
"Open Source Developer & DevOps (Python, Django, AWS, OpenStack)",OpenCraft,https://weworkremotely.com//remote-jobs/opencraft-open-source-developer-devops-python-django-aws-openstack-9
Backend Engineer (Ruby on Rails),jobandtalent,https://weworkremotely.com//remote-jobs/jobandtalent-backend-engineer-ruby-on-rails
Senior Front End Developer,"ESL Gaming Online, Inc",https://weworkremotely.com//remote-jobs/esl-gaming-online-inc-senior-front-end-developer
Front End Developer,"ESL Gaming Online, Inc",https://weworkremotely.com//remote-jobs/esl-gaming-online-inc-front-end-developer
Full Stack Developer (Python & Vue.js),Unhaggle Inc.,https://weworkremotely.com//remote-jobs/unhaggle-inc-full-stack-developer-python-vue-js-2
Senior Site Reliability Engineer - Software Engineering,Freetrade,https://weworkremotely.com//remote-jobs/freetrade-senior-site-reliability-engineer-software-engineering
"Software Development Manager, Platform API",ReCharge Payments,https://weworkremotely.com//remote-jobs/recharge-payments-software-development-manager-platform-api
Senior Full Stack Engineer,Sector Labs,https://weworkremotely.com//remote-jobs/sector-labs-senior-full-stack-engineer
Python + Django Software Engineer (Remote),WP MEDIA,https://weworkremotely.com//remote-jobs/wp-media-python-django-software-engineer-remote
"Software Engineer, Android (Kotlin)",Doximity,https://weworkremotely.com//remote-jobs/doximity-software-engineer-android-kotlin
Data/Analytics Engineer,X-Team,https://weworkremotely.com//remote-jobs/x-team-data-analytics-engineer
Full Stack Web Developer (Western Hemisphere),SilverLogic,https://weworkremotely.com//remote-jobs/silverlogic-full-stack-web-developer-western-hemisphere
Software Engineer in Test,ReCharge Payments,https://weworkremotely.com//remote-jobs/recharge-payments-software-engineer-in-test
Data Engineer,Koffie Labs,https://weworkremotely.com//remote-jobs/koffie-labs-data-engineer
"Software Engineer, Full Stack ",Doximity,https://weworkremotely.com//remote-jobs/doximity-software-engineer-full-stack
Experienced Backend Engineer - Ruby - Remote,"Theorem, LLC",https://weworkremotely.com//remote-jobs/theorem-llc-experienced-backend-engineer-ruby-remote
Software Engineer (Backend),Gistia Healthcare,https://weworkremotely.com//remote-jobs/gistia-healthcare-software-engineer-backend
Senior Java Developer ,X-Team,https://weworkremotely.com//remote-jobs/x-team-senior-java-developer
Growth & Support Engineer,HeySummit,https://weworkremotely.com//remote-jobs/heysummit-growth-support-engineer
Frontend Django Developer,Swappa,https://weworkremotely.com//remote-jobs/swappa-frontend-django-developer
Senior DevOps Engineer,ReCharge Payments,https://weworkremotely.com//remote-jobs/recharge-payments-senior-devops-engineer
Senior Full Stack Engineer,Thinkific,https://weworkremotely.com//remote-jobs/thinkific-senior-full-stack-engineer
Mobile Application Developer (Python),Kickback Rewards System,https://weworkremotely.com//remote-jobs/kickback-rewards-system-mobile-application-developer-python
Senior Software Engineer - Elixir,Very LLC,https://weworkremotely.com//remote-jobs/very-llc-senior-software-engineer-elixir
Senior Product Engineer (Remote - Anywhere),Dataquest ,https://weworkremotely.com//remote-jobs/dataquest-senior-product-engineer-remote-anywhere
Senior Full Stack Engineer,Equips,https://weworkremotely.com//remote-jobs/equips-senior-full-stack-engineer
Ruby on Rails Developer,Power Home Remodeling,https://weworkremotely.com//remote-jobs/power-home-remodeling-ruby-on-rails-developer
Fullstack Developer,The Recount,https://weworkremotely.com//remote-jobs/the-recount-fullstack-developer
Software Engineering Mentor,Springboard,https://weworkremotely.com//remote-jobs/springboard-software-engineering-mentor-1
PHP / JavaScript developer,End Point Corporation,https://weworkremotely.com//remote-jobs/end-point-corporation-php-javascript-developer
Senior Python Developer - Remote,Ebury,https://weworkremotely.com//remote-jobs/ebury-senior-python-developer-remote
Full Stack Engineer,Equips,https://weworkremotely.com//remote-jobs/equips-full-stack-engineer
"Mobile Software Engineer, iOS (Swift)",Doximity,https://weworkremotely.com//remote-jobs/doximity-mobile-software-engineer-ios-swift
Senior Backend Developer,Bridebook,https://weworkremotely.com//remote-jobs/bridebook-senior-backend-developer
Ruby on Rails Developer (5+ years),Power Home Remodeling,https://weworkremotely.com//remote-jobs/power-home-remodeling-ruby-on-rails-developer-5-years
Backend Software Engineer,LaterPay ,https://weworkremotely.com//remote-jobs/laterpay-backend-software-engineer-4
Data Engineer (Contract-Remote),Healthy Back Institute,https://weworkremotely.com//remote-jobs/healthy-back-institute-data-engineer-contract-remote
Senior Android Engineer,Elevate Labs,https://weworkremotely.com//remote-jobs/elevate-labs-senior-android-engineer
"Software Engineer, Data Engineering",Doximity,https://weworkremotely.com//remote-jobs/doximity-software-engineer-data-engineering
Software Development Engineer - Test (SDET),Bevy,https://weworkremotely.com//remote-jobs/bevy-software-development-engineer-test-sdet
Senior Go Developer,X-Team,https://weworkremotely.com//remote-jobs/x-team-senior-go-developer
Integrations Engineer,X-Team,https://weworkremotely.com//remote-jobs/x-team-integrations-engineer
AWS DevOps Engineer / SysAdmin (100% Remote),SimplyAnalytics,https://weworkremotely.com//remote-jobs/simplyanalytics-aws-devops-engineer-sysadmin-100-remote-1
DevOps Engineer with solid Elasticsearch (EU based only),digitalis.io,https://weworkremotely.com//remote-jobs/digitalis-io-devops-engineer-with-solid-elasticsearch-eu-based-only
Hadoop Administrator (EU Based Only),digitalis.io,https://weworkremotely.com//remote-jobs/digitalis-io-hadoop-administrator-eu-based-only
DevOps Engineer,Labelbox,https://weworkremotely.com//remote-jobs/labelbox-devops-engineer
MongoDB DBA,Breezy HR ,https://weworkremotely.com//remote-jobs/breezy-hr-mongodb-dba
"Software Engineer, Security",Doximity,https://weworkremotely.com//remote-jobs/doximity-software-engineer-security
DevOps Engineer,CodeLathe Technologies Inc,https://weworkremotely.com//remote-jobs/codelathe-technologies-inc-devops-engineer
DevOps/Developer - Europe only,Impress Websites,https://weworkremotely.com//remote-jobs/impress-websites-devops-developer-europe-only
Site Reliability Engineer (SRE) - Americas,Canonical,https://weworkremotely.com//remote-jobs/canonical-site-reliability-engineer-sre-americas
"Software Engineer, SRE",Doximity,https://weworkremotely.com//remote-jobs/doximity-software-engineer-sre
Site Reliability Engineer (SRE) - Remote,Ebury,https://weworkremotely.com//remote-jobs/ebury-site-reliability-engineer-sre-remote
Senior Systems Engineer,Spreedly,https://weworkremotely.com//remote-jobs/spreedly-senior-systems-engineer-2
Mobile Web Solutions Architect,Power Home Remodeling,https://weworkremotely.com//remote-jobs/power-home-remodeling-mobile-web-solutions-architect
Front End Engineer ,Manual ,https://weworkremotely.com//remote-jobs/manual-front-end-engineer
Salesforce Developer,The Predictive Index,https://weworkremotely.com//remote-jobs/the-predictive-index-salesforce-developer
Data Analytics Mentor (Part-time/Flexible/Remote),Springboard,https://weworkremotely.com//remote-jobs/springboard-data-analytics-mentor-part-time-flexible-remote
Python + Django Software Engineer	 ,WP Media,https://remoteok.io//remote-jobs/96938-remote-python-django-software-engineer-wp-media
Python Developer,YouGov,https://remoteok.io//remote-jobs/86812-remote-python-developer-yougov
Senior Django Developer,Scalable Path,https://remoteok.io//remote-jobs/86775-remote-senior-django-developer-scalable-path
Senior Python Developer,We Are Common,https://remoteok.io//remote-jobs/86754-remote-senior-python-developer-we-are-common
Python Full Stack Developer,REPAY,https://remoteok.io//remote-jobs/87005-remote-python-full-stack-developer-repay
Jr Python Developer	 ,AppEvolve,https://remoteok.io//remote-jobs/86685-remote-jr-python-developer-appevolve
Senior Software Engineer (python/django),Routable,https://remoteok.io//remote-jobs/86632-remote-senior-software-engineer-python-django-routable
Full Stack Developer Node.js Python Go Autonomy Flexibility New Team,Oscatel,https://remoteok.io//remote-jobs/87096-remote-full-stack-developer-node-js-python-go-autonomy-flexibility-new-team-oscatel
Senior Python Developer,Backtracks,https://remoteok.io//remote-jobs/87344-remote-senior-python-developer-backtracks
Python Developer,PeopleDoc,https://remoteok.io//remote-jobs/86967-remote-python-developer-peopledoc
"Software Engineer, Security",Doximity,https://remoteok.io//remote-jobs/86398-remote-software-engineer-security-doximity
Django Developer,Mainvest,https://remoteok.io//remote-jobs/86390-remote-django-developer-mainvest
Senior Python Developer,Flashpoint,https://remoteok.io//remote-jobs/87238-remote-senior-python-developer-flashpoint
Software Engineer,"PrintWithMe, Inc.",https://remoteok.io//remote-jobs/86265-remote-software-engineer-printwithme-inc
Python Developer,Backtracks.fm,https://remoteok.io//remote-jobs/86257-remote-python-developer-backtracks-fm
Python Django Developer,Scanslated,https://remoteok.io//remote-jobs/87085-remote-python-django-developer-scanslated
Senior Python Developer,X-Team,https://remoteok.io//remote-jobs/87002-remote-senior-python-developer-x-team
Independent Self Motivated Python Backend Developer,Seez,https://remoteok.io//remote-jobs/85325-remote-independent-self-motivated-python-backend-developer-seez
Senior Python Developer,Surge,https://remoteok.io//remote-jobs/85309-remote-senior-python-developer-surge
Software Engineer (full Stack),Simple Poll,https://remoteok.io//remote-jobs/85261-remote-software-engineer-full-stack-simple-poll
Python Developer M W X	 ,Skalar Systems,https://remoteok.io//remote-jobs/85239-remote-python-developer-m-w-x-skalar-systems
Freelance Python Developer –	 ,Toptal,https://remoteok.io//remote-jobs/85053-remote-freelance-python-developer-remote-toptal
Senior Python Developer	 ,Level Agency,https://remoteok.io//remote-jobs/84956-remote-senior-python-developer-level-agency
FULL Stack Django Developer Project Leader	 ,Scalable Path,https://remoteok.io//remote-jobs/84941-remote-full-stack-django-developer-project-leader-scalable-path
Devops Python Django Saas Developer	 ,WP Media,https://remoteok.io//remote-jobs/84795-remote-devops-python-django-saas-developer-wp-media
Senior Python Developer	 ,Remotesome,https://remoteok.io//remote-jobs/84524-remote-senior-python-developer-remotesome
Lead Backend Developer	 ,Kokoon Technology Ltd,https://remoteok.io//remote-jobs/84313-remote-lead-backend-developer-remote-kokoon-technology-ltd
Senior Python Developer	 ,ShipHero,https://remoteok.io//remote-jobs/83869-remote-senior-python-developer-shiphero
Python Backend Developer	 ,Exputec,https://remoteok.io//remote-jobs/83854-remote-python-backend-developer-exputec
Backend Developer	 ,Jetcake,https://remoteok.io//remote-jobs/83559-remote-backend-developer-jetcake
Python Backend Developer 100,Clevertech,https://remoteok.io//remote-jobs/83231-remote-python-backend-developer-100-clevertech
React Python Developer 100,Clevertech,https://remoteok.io//remote-jobs/83127-remote-react-python-developer-100-clevertech
Python Back End Developer,Soshace,https://remoteok.io//remote-jobs/83097-remote-python-back-end-developer-soshace
100% Python React Developer,Clevertech,https://remoteok.io//remote-jobs/82984-remote-100-python-react-developer-clevertech
API Software Engineer Python,ReCharge Payments,https://remoteok.io//remote-jobs/77226-remote-api-software-engineer-python-recharge-payments
ELK Stack Developer,Atlastix,https://remoteok.io//remote-jobs/77164-remote-elk-stack-developer-atlastix
Full Stack Django Developer,Wildfish,https://remoteok.io//remote-jobs/77074-remote-full-stack-django-developer-wildfish
Full Stack Developer (python),REPAY,https://remoteok.io//remote-jobs/77035-remote-full-stack-developer-python-repay
Full Stack React Django Developer,Soshace,https://remoteok.io//remote-jobs/76912-remote-full-stack-react-django-developer-soshace
"Software Engineer, Full Stack",Doximity,https://remoteok.io//remote-jobs/76493-remote-software-engineer-full-stack-doximity
Python Developer	 ,YouGov,https://remoteok.io//remote-jobs/76481-remote-python-developer-yougov
Python Developer	 ,Scrapinghub,https://remoteok.io//remote-jobs/76269-remote-python-developer-scrapinghub
Code Challenge Reviewer 100% £50 Per Hour Java Javascript PHP Python C# Ruby CSS HTML SQL Scala iOS Android	 ,Geektastic,https://remoteok.io//remote-jobs/76263-remote-code-challenge-reviewer-100-50-per-hour-java-javascript-php-python-c-ruby-css-html-sql-scala-ios-android-geektastic
Back End Django Developer,Soshace,https://remoteok.io//remote-jobs/76164-remote-back-end-django-developer-soshace
Senior Software Engineer,Iterative,https://remoteok.io//remote-jobs/76126-remote-senior-software-engineer-iterative
Permanent Django Developer,Pivotal Energy Solutions,https://remoteok.io//remote-jobs/76108-remote-permanent-django-developer-pivotal-energy-solutions
Developer or Senior Developer,MVPF,https://remoteok.io//remote-jobs/75960-remote-developer-or-senior-developer-mvpf
Full Stack Web Developer,GooseChase,https://remoteok.io//remote-jobs/75932-remote-full-stack-web-developer-goosechase
Senior Full Stack Developer,Pupil Labs,https://remoteok.io//remote-jobs/75838-remote-senior-full-stack-developer-pupil-labs
Back End Python Developer,Pluralsight,https://remoteok.io//remote-jobs/75766-remote-back-end-python-developer-pluralsight
Senior Full-stack Developer,PolySwarm,https://remoteok.io//remote-jobs/75742-remote-senior-full-stack-developer-polyswarm
"Sr. Full-stack Developer (node, Vue, Typescript, Python, SQL, Elastic) - Fully Startup",Specula.io,https://remoteok.io//remote-jobs/75688-remote-sr-full-stack-developer-node-vue-typescript-python-sql-elastic-fully-remote-startup-specula-io
Senior Front-end Developer,PolySwarm,https://remoteok.io//remote-jobs/75673-remote-senior-front-end-developer-polyswarm
Senior Software Engineer,Snowdrop,https://remoteok.io//remote-jobs/75658-remote-senior-software-engineer-snowdrop
Python Back End Web Developer,Soshace,https://remoteok.io//remote-jobs/75581-remote-python-back-end-web-developer-soshace
Full Stack Developer With React Django,Soshace,https://remoteok.io//remote-jobs/75542-remote-full-stack-developer-with-react-django-soshace
Full Stack Developer,SilviaTerra,https://remoteok.io//remote-jobs/75473-remote-full-stack-developer-silviaterra
Senior Python Developer,CVEDIA,https://remoteok.io//remote-jobs/75073-remote-senior-python-developer-cvedia
Senior Devops Engineer,"ORCID, Inc.",https://remoteok.io//remote-jobs/75009-remote-senior-devops-engineer-orcid-inc-
Principle Python Software Engineer,Labster,https://remoteok.io//remote-jobs/74984-remote-principle-python-software-engineer-labster
Senior Python Developer,DomainTools,https://remoteok.io//remote-jobs/74941-remote-senior-python-developer-domaintools
"Software Engineer, Data (product Integration)	 ",Doximity,https://remoteok.io//remote-jobs/74936-remote-software-engineer-data-product-integration-doximity
Senior Python Developer Django Flask,Clevertech,https://remoteok.io//remote-jobs/74857-remote-senior-python-developer-django-flask-clevertech
Full-stack Software Engineer,Fraym,https://remoteok.io//remote-jobs/74444-remote-full-stack-software-engineer-fraym
Quantitative Developer Python,Clevertech,https://remoteok.io//remote-jobs/74388-remote-quantitative-developer-python-clevertech
Senior Python Developer Quantitative Modeling,Clevertech,https://remoteok.io//remote-jobs/74363-remote-senior-python-developer-quantitative-modeling-clevertech
Senior Backend Engineer - Golang Focus,DL Remote,https://remoteok.io//remote-jobs/74351-remote-senior-backend-engineer-golang-focus-remote-dl-remote
Python C Developer,Clevertech,https://remoteok.io//remote-jobs/74190-remote-python-c-developer-clevertech
Senior Python Software Engineer,Labster,https://remoteok.io//remote-jobs/74183-remote-senior-python-software-engineer-labster
Senior Backend Developer	 ,WeTravel,https://remoteok.io//remote-jobs/74163-remote-senior-backend-developer-wetravel
Senior Embedded Linux Developer with Python 100% Flexible Hours,3 other jobs Analytics Fire,https://remoteok.io//remote-jobs/74065-remote-senior-embedded-linux-developer-with-python-100-flexible-hours-3-other-jobs-analytics-fire
Senior Python Developer Interested Finance,Capital,https://remoteok.io//remote-jobs/74264-remote-senior-python-developer-interested-finance-capital
Software Engineer,AlphaSights,https://remoteok.io//remote-jobs/73979-remote-software-engineer-alphasights
Cloud Python Developer,Elastic,https://remoteok.io//remote-jobs/73894-remote-cloud-python-developer-elastic
"Sr Full Stack Developer, Django",Circuit Stream,https://remoteok.io//remote-jobs/73837-remote-sr-full-stack-developer-django-circuit-stream
Python Back-end Web Developer	 ,Soshace,https://remoteok.io//remote-jobs/73701-remote-remote-python-back-end-web-developer-soshace
Full Stack Software Engineer (JS),SlashData,https://remoteok.io//remote-jobs/73663-remote-full-stack-software-engineer-js-slashdata
Senior Django Developer,Soshace,https://remoteok.io//remote-jobs/73519-remote-senior-django-developer-soshace
Senior Python Developer,Vocinity,https://remoteok.io//remote-jobs/73506-remote-senior-python-developer-vocinity
Django Web Developer,Caktus Consulting Group,https://remoteok.io//remote-jobs/73333-remote-django-web-developer-caktus-consulting-group
Python Developer,Clevertech,https://remoteok.io//remote-jobs/73304-remote-python-developer-clevertech
"Software Engineer, Data",Doximity,https://remoteok.io//remote-jobs/73235-remote-software-engineer-data-doximity
Python Cloud Developer,Platform.sh,https://remoteok.io//remote-jobs/73070-remote-python-cloud-developer-platform-sh
Senior Full Stack Engineer,Interview Schedule,https://remoteok.io//remote-jobs/73058-remote-senior-full-stack-engineer-interview-schedule
Sr Python Software Engineer,SmileDirectClub,https://remoteok.io//remote-jobs/73036-remote-sr-python-software-engineer-smiledirectclub
Python Developer,Musement,https://remoteok.io//remote-jobs/72846-remote-python-developer-musement
Senior Software Engineer - Backend (100% ),Close,https://remoteok.io//remote-jobs/72794-remote-senior-software-engineer-backend-100-remote-close
Python Django Developer,Daupler,https://remoteok.io//remote-jobs/72664-remote-python-django-developer-daupler
Senior Python Developer,causaLens,https://remoteok.io//remote-jobs/72638-remote-senior-python-developer-causalens
Mid Level Django Backend Developer	 ,Pivotal Energy Solutions,https://remoteok.io//remote-jobs/72547-remote-mid-level-django-backend-developer-pivotal-energy-solutions
Full-stack Developer,PolySwarm,https://remoteok.io//remote-jobs/72406-remote-full-stack-developer-polyswarm
Senior Python Software Engineer,Namaste Technologies,https://remoteok.io//remote-jobs/72239-remote-senior-python-software-engineer-namaste-technologies
Python Software Engineer,ReCharge Payments,https://remoteok.io//remote-jobs/71975-remote-python-software-engineer-recharge-payments
Expert Django Developer,DjangoForce,https://remoteok.io//remote-jobs/71500-remote-expert-django-developer-djangoforce
"Software Engineer, Service Reliability",Doximity,https://remoteok.io//remote-jobs/71432-remote-software-engineer-service-reliability-doximity
"Software Engineer, Ruby & Javascript",Doximity,https://remoteok.io//remote-jobs/71367-remote-software-engineer-ruby-javascript-doximity
Senior Full Stack Developer with React Experience,Codelitt,https://remoteok.io//remote-jobs/71132-remote-senior-full-stack-developer-with-react-experience-codelitt
Lead Software Engineer,Hubbub,https://remoteok.io//remote-jobs/71202-remote-lead-software-engineer-hubbub
Python Developer,MADE.com,https://remoteok.io//remote-jobs/70764-remote-python-developer-made-com
Django Python Developer,Divio,https://remoteok.io//remote-jobs/70700-remote-django-python-developer-divio
Web Developer,Tao Leadership,https://remoteok.io//remote-jobs/70590-remote-web-developer-tao-leadership
Python Developer,eMoney Advisor,https://remoteok.io//remote-jobs/70262-remote-python-developer-emoney-advisor
Backend Python Django Developer,Self Decode,https://remoteok.io//remote-jobs/70053-remote-backend-python-django-developer-self-decode
Backend Web Developer,Circuit Stream,https://remoteok.io//remote-jobs/70003-remote-backend-web-developer-circuit-stream
Staff Site Reliability Engineer (sre),CircleCI,https://remoteok.io//remote-jobs/69933-remote-staff-site-reliability-engineer-sre-circleci
Full Stack Developer with React Experience,Codelitt,https://remoteok.io//remote-jobs/69888-remote-full-stack-developer-with-react-experience-codelitt
Full Stack Developer Python,REPAY Realtime Electronic Payments,https://remoteok.io//remote-jobs/69529-remote-full-stack-developer-python-repay-realtime-electronic-payments
"Senior Software Engineer, Python",Doximity,https://remoteok.io//remote-jobs/69245-remote-senior-software-engineer-python-doximity
Python Developer,X-Team,https://remoteok.io//remote-jobs/69088-remote-python-developer-x-team
Senior Python Developer,SmileDirectClub,https://remoteok.io//remote-jobs/69047-remote-senior-python-developer-smiledirectclub
Full Stack Developer,Upstack Technologies Inc.,https://remoteok.io//remote-jobs/69034-remote-full-stack-developer-upstack-technologies-inc-
Open Source Developer & Devops,OpenCraft,https://remoteok.io//remote-jobs/69030-remote-open-source-developer-devops-opencraft
Senior Software Engineer - Security Video Integration,GeoComm,https://remoteok.io//remote-jobs/68982-remote-senior-software-engineer-security-video-integration-geocomm
C Python Developer,Code Careers,https://remoteok.io//remote-jobs/68976-remote-c-python-developer-code-careers
Frontend and Python Developer,Screenly,https://remoteok.io//remote-jobs/68892-remote-frontend-and-python-developer-screenly
Senior Python Developer,VersaFeed,https://remoteok.io//remote-jobs/68797-remote-senior-python-developer-versafeed
Senior Software Engineer,Property Meld,https://remoteok.io//remote-jobs/68749-remote-senior-software-engineer-property-meld
Python Developer,CoGrammar,https://remoteok.io//remote-jobs/68679-remote-python-developer-cogrammar
Django Python Senior Software Engineer,Load Impact,https://remoteok.io//remote-jobs/68530-remote-django-python-senior-software-engineer-load-impact
Senior Embedded Linux Developer with C Python 100% Flexible Hours,Analytics Fire,https://remoteok.io//remote-jobs/68488-remote-senior-embedded-linux-developer-with-c-python-100-flexible-hours-analytics-fire
Full Stack Software Engineer,Merchbar,https://remoteok.io//remote-jobs/68296-remote-full-stack-software-engineer-merchbar
Python Developer,Arm,https://remoteok.io//remote-jobs/68291-remote-python-developer-arm
Senior Python Developer,JBS Custom Software Solutions,https://remoteok.io//remote-jobs/68243-remote-senior-python-developer-jbs-custom-software-solutions
Python Backend Developer,trivago N.V,https://remoteok.io//remote-jobs/68232-remote-python-backend-developer-trivago-n-v
Python Software Engineering Manager,Crossover,https://remoteok.io//remote-jobs/68220-remote-python-software-engineering-manager-crossover
Senior Python Developer,Clevertech,https://remoteok.io//remote-jobs/68204-remote-senior-python-developer-clevertech
Full-stack Developer/tech Lead,Comparamais,https://remoteok.io//remote-jobs/68196-remote-full-stack-developer-tech-lead-comparamais
Python Senior Developer,YMN GROUP,https://remoteok.io//remote-jobs/68169-remote-python-senior-developer-remote-ymn-group
"Python Software Engineer, Data Integration",Doximity,https://remoteok.io//remote-jobs/67967-remote-python-software-engineer-data-integration-doximity
"Experienced 3D Software Engineers for Awesome Cutting Edge Projects (augmented Reality, Virtual Reality, Raytracing, Webgl, UE4, and More)",4D Pipeline,https://remoteok.io//remote-jobs/67948-remote-experienced-3d-software-engineers-for-awesome-cutting-edge-projects-augmented-reality-virtual-reality-raytracing-webgl-ue4-and-more-4d-pipeline
Software Engineer Python,trivago N.V,https://remoteok.io//remote-jobs/68073-remote-software-engineer-python-trivago-n-v
"Python Backend Developer in Wrocław, PL",Kangaroo,https://remoteok.io//remote-jobs/67857-remote-python-backend-developer-in-wroclaw-pl-kangaroo
Backend Developer,Property Meld,https://remoteok.io//remote-jobs/67736-remote-backend-developer-property-meld
Software Developer (elasticsearch),Thresher,https://remoteok.io//remote-jobs/67669-remote-software-developer-elasticsearch-thresher
An Enthusiastic Python Developer,Niteo,https://remoteok.io//remote-jobs/67565-remote-an-enthusiastic-python-developer-niteo
Back End Python Developer,GitPrine,https://remoteok.io//remote-jobs/67502-remote-back-end-python-developer-gitprine
Backend Developer Python,orderbird AG,https://remoteok.io//remote-jobs/67704-remote-backend-developer-python-orderbird-ag
Cotiviti Labs Adminops Python Developer,Cotiviti,https://remoteok.io//remote-jobs/67229-remote-cotiviti-labs-adminops-python-developer-cotiviti
Go Python Developer,Sport Whispers,https://remoteok.io//remote-jobs/67092-remote-go-python-developer-sport-whispers
Senior Backend Developer Python Django H F,Back Market,https://remoteok.io//remote-jobs/67048-remote-senior-backend-developer-python-django-h-f-back-market
Python Software Engineer (all Levels),Unipart Digital,https://remoteok.io//remote-jobs/67036-remote-python-software-engineer-all-levels-unipart-digital
Full Stack Developer,Upstack,https://remoteok.io//remote-jobs/66985-remote-full-stack-developer-upstack
Python Developer,Buto,https://remoteok.io//remote-jobs/66803-remote-python-developer-buto
Python Developer For Cryptocurrency Services,Cryptosphere Systems,https://remoteok.io//remote-jobs/66580-remote-python-developer-for-cryptocurrency-services-cryptosphere-systems
Python Software Developer,OctopusLabs,https://remoteok.io//remote-jobs/66344-remote-python-software-developer-octopuslabs
Python Developer,Objectwise Consulting Group,https://remoteok.io//remote-jobs/66308-remote-python-developer-objectwise-consulting-group
Full Stack Developer,Blockstack,https://remoteok.io//remote-jobs/66203-remote-full-stack-developer-blockstack
Full Stack Developer,Property Meld,https://remoteok.io//remote-jobs/65954-remote-full-stack-developer-property-meld
POC Python Developer,StudioH67,https://remoteok.io//remote-jobs/65892-remote-poc-python-developer-studioh67
Senior Python Web Application Developer,SUSE,https://remoteok.io//remote-jobs/65888-remote-senior-python-web-application-developer-suse
Django Developer,GetTechTalent,https://remoteok.io//remote-jobs/65861-remote-django-developer-gettechtalent
Senior Software Engineer,Canonical,https://remoteok.io//remote-jobs/65587-remote-senior-software-engineer-canonical
Python Web Developer ($90-125k),Croscon,https://remoteok.io//remote-jobs/65582-remote-python-web-developer-90-125k-croscon
Software Engineer - Openstack,Canonical,https://remoteok.io//remote-jobs/65522-remote-software-engineer-openstack-canonical
Python Back End Developer,TXODDS,https://remoteok.io//remote-jobs/65030-remote-python-back-end-developer-txodds
Contract Python Developer,Seth Godin,https://remoteok.io//remote-jobs/65019-remote-contract-python-developer-seth-godin
Python Developer For Sweden's Best AI Team,Tenfifty,https://remoteok.io//remote-jobs/64691-remote-python-developer-for-swedens-best-ai-team-tenfifty
Mid Level Django Web Developer,Pivotal Energy Solutions,https://remoteok.io//remote-jobs/64547-remote-mid-level-django-web-developer-pivotal-energy-solutions
Backend Python Developer,StudioH67,https://remoteok.io//remote-jobs/64402-remote-backend-python-developer-studioh67
Python Developer,Mackevision Medien Design,https://remoteok.io//remote-jobs/64165-remote-python-developer-mackevision-medien-design
Python Software Developer,VisoTech,https://remoteok.io//remote-jobs/63801-remote-python-software-developer-visotech
Python Software Engineer,PageFreezer,https://remoteok.io//remote-jobs/63695-remote-python-software-engineer-pagefreezer
Python Web Developer,Smartplan,https://remoteok.io//remote-jobs/63667-remote-python-web-developer-smartplan
Senior Back End Developer,Hotjar,https://remoteok.io//remote-jobs/63359-remote-senior-back-end-developer-hotjar
Creative Initiative Python Developer,Sportech,https://remoteok.io//remote-jobs/63121-remote-creative-initiative-python-developer-sportech
Senior Python Software Engineer,SSCS,https://remoteok.io//remote-jobs/62960-remote-senior-python-software-engineer-sscs
Django Developer,Divio,https://remoteok.io//remote-jobs/62553-remote-django-developer-divio
Web Developer,ezhome Inc.,https://remoteok.io//remote-jobs/62229-remote-web-developer-ezhome-inc-
"Software Engineer, Fulfillment Team",ezhome Inc.,https://remoteok.io//remote-jobs/62227-remote-software-engineer-fulfillment-team-ezhome-inc-
Senior Django Developer,Articheck,https://remoteok.io//remote-jobs/62165-remote-senior-django-developer-articheck
Python Django Developer,PBSoftware,https://remoteok.io//remote-jobs/61836-remote-python-django-developer-pbsoftware
